state,temperature_K,frame,time_ns,backbone_rmsd_nm,rg_nm
13,567.3280695650553,0,0.05,0.10515262,0.9545053480634509
13,567.3280695650553,1,0.1,0.09869037,0.9570597921310535
13,567.3280695650553,2,0.15000000000000002,0.10841403,0.9648635512476754
13,567.3280695650553,3,0.2,0.109095626,0.9581380081778214
13,567.3280695650553,4,0.25,0.10421428,0.9627582399866464
13,567.3280695650553,5,0.30000000000000004,0.10145574,0.9545669203205117
13,567.3280695650553,6,0.35000000000000003,0.09942992,0.966628211795848
13,567.3280695650553,7,0.4,0.105978,0.9695502641581163
13,567.3280695650553,8,0.45,0.1052062,0.9548489174517069
13,567.3280695650553,9,0.5,0.11076913,0.9614760258864263
13,567.3280695650553,10,0.55,0.103190996,0.9595243585686838
13,567.3280695650553,11,0.6000000000000001,0.10458383,0.9592659483575365
13,567.3280695650553,12,0.65,0.09841678,0.9571847637594973
13,567.3280695650553,13,0.7000000000000001,0.097337015,0.9562085556575927
13,567.3280695650553,14,0.75,0.106558055,0.9652762001979773
13,567.3280695650553,15,0.8,0.10357674,0.9567011017341506
13,567.3280695650553,16,0.8500000000000001,0.09935927,0.9656046257642741
13,567.3280695650553,17,0.9,0.10083946,0.951148723732082
13,567.3280695650553,18,0.9500000000000001,0.09969464,0.9615718715106415
13,567.3280695650553,19,1.0,0.11020888,0.966941873939805
13,567.3280695650553,20,1.05,0.10926556,0.9651214739394061
13,567.3280695650553,21,1.1,0.11321618,0.9572102038371554
13,567.3280695650553,22,1.1500000000000001,0.10693734,0.9592566573731164
13,567.3280695650553,23,1.2000000000000002,0.09991267,0.9573960006983159
13,567.3280695650553,24,1.25,0.105013184,0.9663416048092367
13,567.3280695650553,25,1.3,0.10507344,0.9627929994848398
13,567.3280695650553,26,1.35,0.09916973,0.9632552536020669
13,567.3280695650553,27,1.4000000000000001,0.09779021,0.9564120282387808
13,567.3280695650553,28,1.4500000000000002,0.099421196,0.9542869493818033
13,567.3280695650553,29,1.5,0.10691059,0.9718360842587824
13,567.3280695650553,30,1.55,0.10820351,0.9678054223445627
13,567.3280695650553,31,1.6,0.099024504,0.9558582251429293
13,567.3280695650553,32,1.6500000000000001,0.09793816,0.9580578847604724
13,567.3280695650553,33,1.7000000000000002,0.10362528,0.9654508671485442
13,567.3280695650553,34,1.75,0.09987709,0.958458901267021
13,567.3280695650553,35,1.8,0.10633245,0.9611176795829741
13,567.3280695650553,36,1.85,0.093578756,0.9514527617841707
13,567.3280695650553,37,1.9000000000000001,0.09379715,0.959119513959857
13,567.3280695650553,38,1.9500000000000002,0.1072094,0.9596392403701789
13,567.3280695650553,39,2.0,0.10329092,0.962789175707775
13,567.3280695650553,40,2.0500000000000003,0.10419431,0.9580438049719339
13,567.3280695650553,41,2.1,0.09772281,0.9607550206698195
13,567.3280695650553,42,2.15,0.100920245,0.955665608089066
13,567.3280695650553,43,2.2,0.10427084,0.9634324655534647
13,567.3280695650553,44,2.25,0.10678725,0.957926238811787
13,567.3280695650553,45,2.3000000000000003,0.10169303,0.9523380046003902
13,567.3280695650553,46,2.35,0.108028695,0.9551850148171924
13,567.3280695650553,47,2.4000000000000004,0.10707022,0.9620336384263056
13,567.3280695650553,48,2.45,0.09980415,0.9525697705032314
13,567.3280695650553,49,2.5,0.105690464,0.9577346380362217
13,567.3280695650553,50,2.5500000000000003,0.10456394,0.9552659492448328
13,567.3280695650553,51,2.6,0.09990053,0.9578334375225339
13,567.3280695650553,52,2.6500000000000004,0.100305855,0.9551269501572661
13,567.3280695650553,53,2.7,0.095406435,0.9575392059110804
13,567.3280695650553,54,2.75,0.1034905,0.9550862866118243
13,567.3280695650553,55,2.8000000000000003,0.11945458,0.9682287297643412
13,567.3280695650553,56,2.85,0.102457434,0.9590124604252188
13,567.3280695650553,57,2.9000000000000004,0.10540379,0.9650279759753309
13,567.3280695650553,58,2.95,0.10871271,0.9560384513242699
13,567.3280695650553,59,3.0,0.10532068,0.957010344969791
13,567.3280695650553,60,3.0500000000000003,0.105976366,0.9548951478300796
13,567.3280695650553,61,3.1,0.09693805,0.9582350370913163
13,567.3280695650553,62,3.1500000000000004,0.098831706,0.9564115211346514
13,567.3280695650553,63,3.2,0.102856904,0.9491193015316294
13,567.3280695650553,64,3.25,0.10084547,0.9665313065925287
13,567.3280695650553,65,3.3000000000000003,0.10307667,0.9677251309200945
13,567.3280695650553,66,3.35,0.10788896,0.9645105077172735
13,567.3280695650553,67,3.4000000000000004,0.11314187,0.960893498968366
13,567.3280695650553,68,3.45,0.09732722,0.9596261913097275
13,567.3280695650553,69,3.5,0.09933744,0.9580765938605255
13,567.3280695650553,70,3.5500000000000003,0.11458098,0.9611142313779182
13,567.3280695650553,71,3.6,0.10493142,0.9540654059496371
13,567.3280695650553,72,3.6500000000000004,0.10141813,0.9623180014382751
13,567.3280695650553,73,3.7,0.10670522,0.9569183553754605
13,567.3280695650553,74,3.75,0.09807439,0.9604635423800275
13,567.3280695650553,75,3.8000000000000003,0.10258766,0.9575522812152548
13,567.3280695650553,76,3.85,0.10644002,0.9679050177123016
13,567.3280695650553,77,3.9000000000000004,0.09745007,0.955079034721122
13,567.3280695650553,78,3.95,0.10720455,0.9638323795677687
13,567.3280695650553,79,4.0,0.09991788,0.9516475555569358
13,567.3280695650553,80,4.05,0.101580426,0.9545245801830583
13,567.3280695650553,81,4.1000000000000005,0.09709623,0.9523975152210656
13,567.3280695650553,82,4.15,0.10226857,0.9579012783474191
13,567.3280695650553,83,4.2,0.09988056,0.9553605143253301
13,567.3280695650553,84,4.25,0.10361859,0.9626757996424156
13,567.3280695650553,85,4.3,0.123919584,0.9670214062728795
13,567.3280695650553,86,4.3500000000000005,0.11461351,0.9661305477931714
13,567.3280695650553,87,4.4,0.11051054,0.9587771448338692
13,567.3280695650553,88,4.45,0.099211685,0.9608348567620051
13,567.3280695650553,89,4.5,0.109754816,0.9569233559484559
13,567.3280695650553,90,4.55,0.10210142,0.9586157402222741
13,567.3280695650553,91,4.6000000000000005,0.106325924,0.9531531550688009
13,567.3280695650553,92,4.65,0.10910198,0.9618179539364368
13,567.3280695650553,93,4.7,0.10115707,0.9584918981465601
13,567.3280695650553,94,4.75,0.10685867,0.9646119274143026
13,567.3280695650553,95,4.800000000000001,0.101694725,0.9573419802444986
13,567.3280695650553,96,4.8500000000000005,0.10099152,0.9642727560709357
13,567.3280695650553,97,4.9,0.09420942,0.9584940283893939
13,567.3280695650553,98,4.95,0.10472052,0.960153083257
13,567.3280695650553,99,5.0,0.10813939,0.958470456413328
13,567.3280695650553,100,5.050000000000001,0.11202372,0.9573832799438401
13,567.3280695650553,101,5.1000000000000005,0.10216169,0.9580782057523495
13,567.3280695650553,102,5.15,0.09805052,0.9588112148692091
13,567.3280695650553,103,5.2,0.09952056,0.9641289270353969
13,567.3280695650553,104,5.25,0.1048223,0.9528052912769694
13,567.3280695650553,105,5.300000000000001,0.10022716,0.9534708605714509
13,567.3280695650553,106,5.3500000000000005,0.11919883,0.9631359158212812
13,567.3280695650553,107,5.4,0.10879003,0.9588696044396554
13,567.3280695650553,108,5.45,0.10370307,0.9672053688458995
13,567.3280695650553,109,5.5,0.10271604,0.9564101495267292
13,567.3280695650553,110,5.550000000000001,0.099027134,0.9568150175805243
13,567.3280695650553,111,5.6000000000000005,0.11139897,0.9574835376845771
13,567.3280695650553,112,5.65,0.112087935,0.9635050824904287
13,567.3280695650553,113,5.7,0.10762426,0.9545447777073393
13,567.3280695650553,114,5.75,0.094898924,0.9627559104048623
13,567.3280695650553,115,5.800000000000001,0.09666848,0.9658865289663187
13,567.3280695650553,116,5.8500000000000005,0.10458548,0.9690541921649954
13,567.3280695650553,117,5.9,0.10292515,0.9624137930973524
13,567.3280695650553,118,5.95,0.09698813,0.9552667423094213
13,567.3280695650553,119,6.0,0.10907417,0.9602297835680121
13,567.3280695650553,120,6.050000000000001,0.10196973,0.9585043357996927
13,567.3280695650553,121,6.1000000000000005,0.09887555,0.9613421125337369
13,567.3280695650553,122,6.15,0.107852794,0.9661713463018587
13,567.3280695650553,123,6.2,0.103957735,0.9652320080264648
13,567.3280695650553,124,6.25,0.09875624,0.9621475357386291
13,567.3280695650553,125,6.300000000000001,0.109606214,0.9632888986754237
13,567.3280695650553,126,6.3500000000000005,0.10636179,0.9616347145787972
13,567.3280695650553,127,6.4,0.104772665,0.9677825184344824
13,567.3280695650553,128,6.45,0.108513944,0.9566193826729367
13,567.3280695650553,129,6.5,0.10526057,0.948356538933688
13,567.3280695650553,130,6.550000000000001,0.10204112,0.952215097957439
13,567.3280695650553,131,6.6000000000000005,0.09769264,0.959520253175
13,567.3280695650553,132,6.65,0.103040494,0.9648999662270018
13,567.3280695650553,133,6.7,0.10250312,0.9682100892959349
13,567.3280695650553,134,6.75,0.1100916,0.9666319311955135
13,567.3280695650553,135,6.800000000000001,0.10418183,0.9608807142657757
13,567.3280695650553,136,6.8500000000000005,0.103468716,0.9593673575359073
13,567.3280695650553,137,6.9,0.09497655,0.9463654419342094
13,567.3280695650553,138,6.95,0.10917269,0.9615991717462717
13,567.3280695650553,139,7.0,0.1007302,0.9529971173809832
13,567.3280695650553,140,7.050000000000001,0.098678954,0.966329141139759
13,567.3280695650553,141,7.1000000000000005,0.09647097,0.9560541475999114
13,567.3280695650553,142,7.15,0.10942809,0.9588236465606148
13,567.3280695650553,143,7.2,0.09974506,0.9619948726494217
13,567.3280695650553,144,7.25,0.10758559,0.9585957987579002
13,567.3280695650553,145,7.300000000000001,0.09703996,0.9541052914738238
13,567.3280695650553,146,7.3500000000000005,0.10428996,0.9558670515564518
13,567.3280695650553,147,7.4,0.10206321,0.9571328815362494
13,567.3280695650553,148,7.45,0.10918142,0.9631264953080625
13,567.3280695650553,149,7.5,0.10671416,0.9583662162073684
13,567.3280695650553,150,7.550000000000001,0.10751062,0.955165227944431
13,567.3280695650553,151,7.6000000000000005,0.098121226,0.9541860870564705
13,567.3280695650553,152,7.65,0.10781179,0.9693751397528533
13,567.3280695650553,153,7.7,0.10589616,0.954854181826966
13,567.3280695650553,154,7.75,0.10481982,0.9596709784057765
13,567.3280695650553,155,7.800000000000001,0.1053322,0.9598753875195715
13,567.3280695650553,156,7.8500000000000005,0.11022382,0.9591111658770262
13,567.3280695650553,157,7.9,0.09959196,0.9561186942685055
13,567.3280695650553,158,7.95,0.103460334,0.9723141554833932
13,567.3280695650553,159,8.0,0.105534494,0.9513232733465133
13,567.3280695650553,160,8.05,0.10398359,0.9642123093647647
13,567.3280695650553,161,8.1,0.1056921,0.9556490479743769
13,567.3280695650553,162,8.15,0.10344106,0.9703079657243672
13,567.3280695650553,163,8.200000000000001,0.100575164,0.9617226548324509
13,567.3280695650553,164,8.25,0.10263836,0.967018920001717
13,567.3280695650553,165,8.3,0.107081555,0.959925884915158
13,567.3280695650553,166,8.35,0.10298831,0.9595799569437863
13,567.3280695650553,167,8.4,0.10291083,0.9605039200144144
13,567.3280695650553,168,8.450000000000001,0.10897954,0.9650676823287161
13,567.3280695650553,169,8.5,0.10248367,0.9618926308007071
13,567.3280695650553,170,8.55,0.10904952,0.9686321868050235
13,567.3280695650553,171,8.6,0.10797652,0.9565630424691177
13,567.3280695650553,172,8.65,0.09736284,0.9587912816838815
13,567.3280695650553,173,8.700000000000001,0.10265019,0.9645436164586292
13,567.3280695650553,174,8.75,0.104099415,0.9571224933358667
13,567.3280695650553,175,8.8,0.10504042,0.9579359060273358
13,567.3280695650553,176,8.85,0.10526469,0.965650886971761
13,567.3280695650553,177,8.9,0.098311014,0.9536065896986399
13,567.3280695650553,178,8.950000000000001,0.092061885,0.9509638103016828
13,567.3280695650553,179,9.0,0.10371811,0.9692360253195382
13,567.3280695650553,180,9.05,0.09951533,0.9511424075505296
13,567.3280695650553,181,9.1,0.10949463,0.953600797110006
13,567.3280695650553,182,9.15,0.09815392,0.9630873266179184
13,567.3280695650553,183,9.200000000000001,0.103589304,0.9604598738825872
13,567.3280695650553,184,9.25,0.1038309,0.9546661255553391
13,567.3280695650553,185,9.3,0.1045573,0.9611126540008124
13,567.3280695650553,186,9.35,0.09967811,0.9595245316596778
13,567.3280695650553,187,9.4,0.110891946,0.9651599663013904
13,567.3280695650553,188,9.450000000000001,0.104580514,0.9514439547936109
13,567.3280695650553,189,9.5,0.099076144,0.9575394049364836
13,567.3280695650553,190,9.55,0.1145068,0.9642133292722106
13,567.3280695650553,191,9.600000000000001,0.09939852,0.9599615808460408
13,567.3280695650553,192,9.65,0.11801025,0.9596679607534846
13,567.3280695650553,193,9.700000000000001,0.10387347,0.9688384401799615
13,567.3280695650553,194,9.75,0.108911105,0.9640821059333815
13,567.3280695650553,195,9.8,0.10485538,0.9663264022564225
13,567.3280695650553,196,9.850000000000001,0.102002874,0.9588274666873756
13,567.3280695650553,197,9.9,0.103223756,0.9611205897270297
13,567.3280695650553,198,9.950000000000001,0.10982036,0.9636429746104559
13,567.3280695650553,199,10.0,0.105987,0.9587135069211118
13,567.3280695650553,200,10.05,0.10598372,0.9586189406140266
13,567.3280695650553,201,10.100000000000001,0.09664964,0.9618652834742385
13,567.3280695650553,202,10.15,0.09885363,0.9618529884550048
13,567.3280695650553,203,10.200000000000001,0.10664996,0.9554892541191311
13,567.3280695650553,204,10.25,0.09781149,0.9587578030287808
13,567.3280695650553,205,10.3,0.09752477,0.9622940963979254
13,567.3280695650553,206,10.350000000000001,0.10427749,0.9574117020316378
13,567.3280695650553,207,10.4,0.10249889,0.959142139515323
13,567.3280695650553,208,10.450000000000001,0.10347458,0.9575772201493176
13,567.3280695650553,209,10.5,0.11745132,0.9673659313690642
13,567.3280695650553,210,10.55,0.10661825,0.9613845539719789
13,567.3280695650553,211,10.600000000000001,0.10677995,0.9607842927308776
13,567.3280695650553,212,10.65,0.1084652,0.9573066921683722
13,567.3280695650553,213,10.700000000000001,0.10006095,0.9703573280724751
13,567.3280695650553,214,10.75,0.09944386,0.9611023459099107
13,567.3280695650553,215,10.8,0.10189318,0.9665320306848902
13,567.3280695650553,216,10.850000000000001,0.11768877,0.9681371711551294
13,567.3280695650553,217,10.9,0.101507,0.9630593892168522
13,567.3280695650553,218,10.950000000000001,0.10317923,0.9600702285034475
13,567.3280695650553,219,11.0,0.11663503,0.9624684550777417
13,567.3280695650553,220,11.05,0.1145772,0.9653163000871638
13,567.3280695650553,221,11.100000000000001,0.10078441,0.9645892136066462
13,567.3280695650553,222,11.15,0.100786135,0.9595254589539141
13,567.3280695650553,223,11.200000000000001,0.11756568,0.967499223098672
13,567.3280695650553,224,11.25,0.10310105,0.9583486397441614
13,567.3280695650553,225,11.3,0.106723905,0.9545103266261582
13,567.3280695650553,226,11.350000000000001,0.107650034,0.9582459407206387
13,567.3280695650553,227,11.4,0.10407026,0.9610970541147404
13,567.3280695650553,228,11.450000000000001,0.09934094,0.9680498986328442
13,567.3280695650553,229,11.5,0.105877325,0.952943455479461
13,567.3280695650553,230,11.55,0.1038,0.9658658761822715
13,567.3280695650553,231,11.600000000000001,0.09910677,0.9565447261394291
13,567.3280695650553,232,11.65,0.103176706,0.956225103194141
13,567.3280695650553,233,11.700000000000001,0.10541037,0.9589019167603995
13,567.3280695650553,234,11.75,0.10920921,0.9580604059233854
13,567.3280695650553,235,11.8,0.10712608,0.9609630359261154
13,567.3280695650553,236,11.850000000000001,0.10617823,0.9587062807195251
13,567.3280695650553,237,11.9,0.10765648,0.9652646034388517
13,567.3280695650553,238,11.950000000000001,0.09447775,0.9672896687356286
13,567.3280695650553,239,12.0,0.112716556,0.9595858337610671
13,567.3280695650553,240,12.05,0.10416851,0.9551196199279084
13,567.3280695650553,241,12.100000000000001,0.10110649,0.9541726629065208
13,567.3280695650553,242,12.15,0.104794174,0.9584796302967756
13,567.3280695650553,243,12.200000000000001,0.11156151,0.9630583744535286
13,567.3280695650553,244,12.25,0.09912339,0.96120348335816
13,567.3280695650553,245,12.3,0.10824917,0.9620428327556259
13,567.3280695650553,246,12.350000000000001,0.09952491,0.9628115056816097
13,567.3280695650553,247,12.4,0.105028875,0.9616642481489169
13,567.3280695650553,248,12.450000000000001,0.10639276,0.9569708938155215
13,567.3280695650553,249,12.5,0.10465179,0.9666183657915453
13,567.3280695650553,250,12.55,0.10384509,0.9533724378343779
13,567.3280695650553,251,12.600000000000001,0.10864011,0.9694292067881815
13,567.3280695650553,252,12.65,0.11448484,0.9682344164825863
13,567.3280695650553,253,12.700000000000001,0.104114406,0.9571069653897059
13,567.3280695650553,254,12.75,0.10833724,0.9624242292587303
13,567.3280695650553,255,12.8,0.11382334,0.9678199253231439
13,567.3280695650553,256,12.850000000000001,0.102423586,0.9607932937564536
13,567.3280695650553,257,12.9,0.10275486,0.9602871261075633
13,567.3280695650553,258,12.950000000000001,0.10878684,0.9664910581168332
13,567.3280695650553,259,13.0,0.09736996,0.9616473536465119
13,567.3280695650553,260,13.05,0.1192948,0.9656693271038359
13,567.3280695650553,261,13.100000000000001,0.098526835,0.9688356452324878
13,567.3280695650553,262,13.15,0.10403027,0.9617286301428412
13,567.3280695650553,263,13.200000000000001,0.10399776,0.9536005060229397
13,567.3280695650553,264,13.25,0.11042657,0.9620330388621018
13,567.3280695650553,265,13.3,0.10663857,0.9631712653191581
13,567.3280695650553,266,13.350000000000001,0.108336434,0.9643910599563981
13,567.3280695650553,267,13.4,0.106380545,0.9625228400201445
13,567.3280695650553,268,13.450000000000001,0.10237702,0.9569893846176735
13,567.3280695650553,269,13.5,0.10631777,0.9611837452237502
13,567.3280695650553,270,13.55,0.10462941,0.9611384092122743
13,567.3280695650553,271,13.600000000000001,0.10565273,0.9612370855590717
13,567.3280695650553,272,13.65,0.10210737,0.9567358536223733
13,567.3280695650553,273,13.700000000000001,0.09870443,0.9627932797121744
13,567.3280695650553,274,13.75,0.101817414,0.9572787382399093
13,567.3280695650553,275,13.8,0.10627617,0.9595242665964738
13,567.3280695650553,276,13.850000000000001,0.09954495,0.9572181762547363
13,567.3280695650553,277,13.9,0.10019256,0.9657758874661656
13,567.3280695650553,278,13.950000000000001,0.101409584,0.96602350670089
13,567.3280695650553,279,14.0,0.09833835,0.9597084940003109
13,567.3280695650553,280,14.05,0.11118942,0.9597750678035174
13,567.3280695650553,281,14.100000000000001,0.1029841,0.959315114789829
13,567.3280695650553,282,14.15,0.103544936,0.9574337134149443
13,567.3280695650553,283,14.200000000000001,0.10744608,0.9563399575746504
13,567.3280695650553,284,14.25,0.102340594,0.9627717866832816
13,567.3280695650553,285,14.3,0.09949791,0.9596542381936383
13,567.3280695650553,286,14.350000000000001,0.10532233,0.9607995469545973
13,567.3280695650553,287,14.4,0.10335637,0.9556492406371873
13,567.3280695650553,288,14.450000000000001,0.107693516,0.9645908439909396
13,567.3280695650553,289,14.5,0.10137538,0.957544694037968
13,567.3280695650553,290,14.55,0.108136185,0.9686152237289124
13,567.3280695650553,291,14.600000000000001,0.10718757,0.9607403127280132
13,567.3280695650553,292,14.65,0.11619415,0.963894827390938
13,567.3280695650553,293,14.700000000000001,0.108087264,0.9668728352087739
13,567.3280695650553,294,14.75,0.108455606,0.9656221472471794
13,567.3280695650553,295,14.8,0.11036138,0.9507280002461616
13,567.3280695650553,296,14.850000000000001,0.10523503,0.964507485283069
13,567.3280695650553,297,14.9,0.10370307,0.9553335768940968
13,567.3280695650553,298,14.950000000000001,0.10280885,0.9565918647928416
13,567.3280695650553,299,15.0,0.09479655,0.9529655974282506
13,567.3280695650553,300,15.05,0.098205134,0.9640816775786177
13,567.3280695650553,301,15.100000000000001,0.10203262,0.962621551389361
13,567.3280695650553,302,15.15,0.11250021,0.9729297965898467
13,567.3280695650553,303,15.200000000000001,0.10845001,0.9572487200093056
13,567.3280695650553,304,15.25,0.098919384,0.9607626849732761
13,567.3280695650553,305,15.3,0.108660854,0.963224076356169
13,567.3280695650553,306,15.350000000000001,0.09889309,0.9587310321614748
13,567.3280695650553,307,15.4,0.11538024,0.9593403887461294
13,567.3280695650553,308,15.450000000000001,0.11298545,0.9606988752124357
13,567.3280695650553,309,15.5,0.107079126,0.9611449626275902
13,567.3280695650553,310,15.55,0.10704674,0.9574826568003363
13,567.3280695650553,311,15.600000000000001,0.10325734,0.9547146735273511
13,567.3280695650553,312,15.65,0.10034301,0.9552124701008731
13,567.3280695650553,313,15.700000000000001,0.10595918,0.9657252237767653
13,567.3280695650553,314,15.75,0.10189913,0.9525145168512369
13,567.3280695650553,315,15.8,0.10865687,0.9561143634745171
13,567.3280695650553,316,15.850000000000001,0.114382565,0.9675425696117242
13,567.3280695650553,317,15.9,0.10137709,0.9604271633423951
13,567.3280695650553,318,15.950000000000001,0.105009064,0.9668654432920847
13,567.3280695650553,319,16.0,0.10446107,0.9616070434381842
13,567.3280695650553,320,16.05,0.10712365,0.9585641222402032
13,567.3280695650553,321,16.1,0.111198775,0.9641352134554639
13,567.3280695650553,322,16.150000000000002,0.09833218,0.9635504091711833
13,567.3280695650553,323,16.2,0.11425895,0.9674742660751127
13,567.3280695650553,324,16.25,0.099290304,0.9650681215919721
13,567.3280695650553,325,16.3,0.11286645,0.968240172320662
13,567.3280695650553,326,16.35,0.10090134,0.9587609246565675
13,567.3280695650553,327,16.400000000000002,0.10076721,0.958222377707849
13,567.3280695650553,328,16.45,0.09896232,0.9601333446843506
13,567.3280695650553,329,16.5,0.09985105,0.9630695124954666
13,567.3280695650553,330,16.55,0.117759466,0.9673156645037888
13,567.3280695650553,331,16.6,0.09535644,0.9609887845279413
13,567.3280695650553,332,16.650000000000002,0.11266501,0.9649006899697108
13,567.3280695650553,333,16.7,0.101354,0.9602397544568626
13,567.3280695650553,334,16.75,0.10233382,0.963884400890711
13,567.3280695650553,335,16.8,0.10796768,0.9609608017619085
13,567.3280695650553,336,16.85,0.10805357,0.9601368699675308
13,567.3280695650553,337,16.900000000000002,0.099758096,0.9568408713954758
13,567.3280695650553,338,16.95,0.110881,0.9619156777582526
13,567.3280695650553,339,17.0,0.10333288,0.9601299957228269
13,567.3280695650553,340,17.05,0.10969872,0.9572808346286787
13,567.3280695650553,341,17.1,0.1005812,0.9588537373684631
13,567.3280695650553,342,17.150000000000002,0.10045613,0.960822631376991
13,567.3280695650553,343,17.2,0.103946894,0.9635376973362723
13,567.3280695650553,344,17.25,0.10445526,0.9654199983000838
13,567.3280695650553,345,17.3,0.10255724,0.961699932310268
13,567.3280695650553,346,17.35,0.10414105,0.9584080340049013
13,567.3280695650553,347,17.400000000000002,0.102463365,0.9618622749773146
13,567.3280695650553,348,17.45,0.1118882,0.9602021918676243
13,567.3280695650553,349,17.5,0.109962374,0.9600099306691073
13,567.3280695650553,350,17.55,0.098262504,0.9671844176994009
13,567.3280695650553,351,17.6,0.11262422,0.967961927018896
13,567.3280695650553,352,17.650000000000002,0.108132176,0.9619935062843472
13,567.3280695650553,353,17.7,0.10339579,0.9626423053954859
13,567.3280695650553,354,17.75,0.104659244,0.9628654423059291
13,567.3280695650553,355,17.8,0.11187503,0.9604264942082855
13,567.3280695650553,356,17.85,0.09976939,0.956131955749057
13,567.3280695650553,357,17.900000000000002,0.10256485,0.9642030836573617
13,567.3280695650553,358,17.95,0.1180624,0.9680787641628801
13,567.3280695650553,359,18.0,0.1073371,0.9615711138985283
13,567.3280695650553,360,18.05,0.11423618,0.9611095671077272
13,567.3280695650553,361,18.1,0.10279282,0.9597028793787633
13,567.3280695650553,362,18.150000000000002,0.11075348,0.9609137404346159
13,567.3280695650553,363,18.2,0.110104986,0.9632120642146151
13,567.3280695650553,364,18.25,0.11459157,0.9581137575270282
13,567.3280695650553,365,18.3,0.103704736,0.9604909279644799
13,567.3280695650553,366,18.35,0.11321005,0.9629604870958148
13,567.3280695650553,367,18.400000000000002,0.099564105,0.961659275192422
13,567.3280695650553,368,18.45,0.11426806,0.9605119152063254
13,567.3280695650553,369,18.5,0.09775297,0.9590449704302407
13,567.3280695650553,370,18.55,0.112638846,0.9678295004561273
13,567.3280695650553,371,18.6,0.10550738,0.9652626038321134
13,567.3280695650553,372,18.650000000000002,0.104664214,0.9548475849581304
13,567.3280695650553,373,18.7,0.102807164,0.9569554883994176
13,567.3280695650553,374,18.75,0.10385093,0.9688807761446573
13,567.3280695650553,375,18.8,0.10509736,0.9615020258028012
13,567.3280695650553,376,18.85,0.109783255,0.9633645530249451
13,567.3280695650553,377,18.900000000000002,0.109455824,0.9637260200707747
13,567.3280695650553,378,18.95,0.10225839,0.9556867749889731
13,567.3280695650553,379,19.0,0.10584784,0.9630253826715247
13,567.3280695650553,380,19.05,0.10134459,0.9641161885115117
13,567.3280695650553,381,19.1,0.10765325,0.9629111969782095
13,567.3280695650553,382,19.150000000000002,0.10735244,0.9601852176255922
13,567.3280695650553,383,19.200000000000003,0.1022092,0.9576667615536091
13,567.3280695650553,384,19.25,0.10672878,0.9665717050964128
13,567.3280695650553,385,19.3,0.10269494,0.9649770751250328
13,567.3280695650553,386,19.35,0.11032524,0.9622227793533977
13,567.3280695650553,387,19.400000000000002,0.10185233,0.9581327985613854
13,567.3280695650553,388,19.450000000000003,0.10595345,0.9596011541848493
13,567.3280695650553,389,19.5,0.10137795,0.960289394429674
13,567.3280695650553,390,19.55,0.10530339,0.9562753385850516
13,567.3280695650553,391,19.6,0.111695096,0.9581782215880498
13,567.3280695650553,392,19.650000000000002,0.10178676,0.9570260349571379
13,567.3280695650553,393,19.700000000000003,0.107137404,0.968336428930004
13,567.3280695650553,394,19.75,0.1070937,0.9680009338936958
13,567.3280695650553,395,19.8,0.11243084,0.9661916365579492
13,567.3280695650553,396,19.85,0.10077495,0.9562842387366621
13,567.3280695650553,397,19.900000000000002,0.10629657,0.9652720140424977
13,567.3280695650553,398,19.950000000000003,0.10096576,0.9623908582949191
13,567.3280695650553,399,20.0,0.104312405,0.9587639204307158
