thermodynamic_state,temperature_K,E_potential_mean_kJmol,E_potential_std_kJmol,backbone_rmsd_mean_nm,rg_mean_nm
0,300.0,-2274084.841247719,1081.779691349884,0.09967195,0.9579511291988081
1,314.1043362322153,-2274111.8596367855,1207.9671084662882,0.09965044,0.955866603921944
2,329.0632268572581,-2273984.2581782644,1188.2039433652737,0.09946405,0.9562274073057878
3,344.9284476693435,-2273765.3632954196,1148.6571969173767,0.09982358,0.9558777530142205
4,361.75491145769735,-2273576.852616774,1110.8630536160736,0.100056924,0.9560746916228979
5,379.60085807100313,-2273403.9551953855,1092.881107594674,0.10002983,0.95616640054697
6,398.52805599748535,-2273253.406123988,1075.006795042442,0.09975811,0.9567218653952976
7,418.60201615833967,-2273132.5784496553,1059.3926517478883,0.09977638,0.9571079953781779
8,439.89221865449224,-2272981.777388864,1054.8947114789817,0.10011198,0.9570698405987321
9,462.4723532515061,-2272813.0514356624,1035.0874424007986,0.10087399,0.9576629062291653
10,486.4205744350011,-2272652.931679787,1032.5592762897709,0.10173923,0.9580445435563771
11,511.81977191938824,-2272516.235621009,1029.1384409891075,0.102559194,0.9594902601084214
12,538.7578575462035,-2272399.808628219,993.6868307881845,0.10352415,0.9602141299531805
13,567.3280695650553,-2272323.0800058036,1021.8092850548728,0.10468134,0.9606093274839148
14,597.6292953503657,-2272212.992829875,1011.6454164349044,0.106633835,0.9615680767915353
15,629.7664136708916,-2272093.371386514,1023.4191079976067,0.10846422,0.9627193173852132
16,663.850657696695,-2271937.7234815555,1003.8088094349399,0.11189684,0.964111054789037
17,700.0,-2271730.6998393903,944.1857771892645,0.113430455,0.9653094735802249
